id,red_social,presidente,comentario,etiqueta,comentario_limpio,tokens
1,Reddit,Bukele,preacondicionamiento para deshumanizar a los  malos actores  en otros pa ses,negativo,preacondicionamiento para deshumanizar a los  malos actores  en otros pa ses,"['preacondicionamiento', 'deshumanizar', 'malos', 'actores', 'pa', 's']"
2,Reddit,Milei,siempre he visto una mezcla de comentarios a favor y en contra no es cierto que est n en contra de un argumento falaz supongo que hablan alto porque se trata de una oportunidad de oro un ejemplo perfecto de las pol ticas crudas casi sin concesiones sin diluir que han estado defendiendo durante tanto tiempo contra lo que es una mayor a izquierdista en reddit,positivo,siempre he visto una mezcla de comentarios a favor y en contra no es cierto que est n en contra de un argumento falaz supongo que hablan alto porque se trata de una oportunidad de oro un ejemplo perfecto de las pol ticas crudas casi sin concesiones sin diluir que han estado defendiendo durante tanto tiempo contra lo que es una mayor a izquierdista en reddit,"['siempre', 'visto', 'mezcla', 'comentarios', 'favor', 'cierto', 'est', 'n', 'argumento', 'falaz', 'supongo', 'hablan', 'alto', 'trata', 'oportunidad', 'oro', 'ejemplo', 'perfecto', 'pol', 'ticas', 'crudas', 'casi', 'concesiones', 'diluir', 'defendiendo', 'tiempo', 'mayor', 'izquierdista', 'reddit']"
3,Reddit,Trump,odio esto much simo pero no tanto como estas dos personas,negativo,odio esto much simo pero no tanto como estas dos personas,"['odio', 'much', 'simo', 'do', 'persona']"
4,Reddit,Bukele,transici n de poder no,neutral,transici n de poder no,"['transici', 'n', 'poder']"
5,Reddit,Milei,s  las personas cuyos antepasados  nunca abandonaron gran breta a y a n viven all  recibiendo sermones sobre el colonialismo por parte de los descendientes de los colonos que viven en una colonia y se beneficiaron del colonialismo es un poco exagerado  no,positivo,s  las personas cuyos antepasados  nunca abandonaron gran breta a y a n viven all  recibiendo sermones sobre el colonialismo por parte de los descendientes de los colonos que viven en una colonia y se beneficiaron del colonialismo es un poco exagerado  no,"['s', 'persona', 'cuyos', 'antepasados', 'nunca', 'abandonaron', 'gran', 'breta', 'n', 'viven', 'all', 'recibiendo', 'sermones', 'colonialismo', 'parte', 'descendientes', 'colonos', 'viven', 'colonia', 'beneficiaron', 'colonialismo', 'exagerado']"
6,Reddit,Milei,muy bien fundamentadoahora escuchemos sus opiniones sobre las personas lgbt,positivo,muy bien fundamentadoahora escuchemos sus opiniones sobre las personas lgbt,"['bien', 'fundamentadoahora', 'escuchemos', 'opiniones', 'persona', 'lgbt']"
7,Reddit,Trump,han pasado meses negativos todav a no es presidente,negativo,han pasado meses negativos todav a no es presidente,"['pasado', 'me', 'negativos', 'todav', 'presidente']"
8,Reddit,Bukele,estoy de acuerdo contigo pero blockbuster se vino abajo porque las obligaciones de deuda masivas limitaron sus opciones y hacen imposible recuperarse ahora bitcoin va en contra de los gobiernos y los bancos que tienen deudas masivas si bitcoin es el internet del dinero las monedas fiduciarias pueden terminar siendo el blockbuster del dinero,neutral,estoy de acuerdo contigo pero blockbuster se vino abajo porque las obligaciones de deuda masivas limitaron sus opciones y hacen imposible recuperarse ahora bitcoin va en contra de los gobiernos y los bancos que tienen deudas masivas si bitcoin es el internet del dinero las monedas fiduciarias pueden terminar siendo el blockbuster del dinero,"['acuerdo', 'contigo', 'blockbuster', 'vino', 'abajo', 'obligaciones', 'deuda', 'masivas', 'limitaron', 'opciones', 'hacen', 'imposible', 'recuperarse', 'ahora', 'bitcoin', 'va', 'gobiernos', 'bancos', 'deudas', 'masivas', 'si', 'bitcoin', 'internet', 'dinero', 'monedas', 'fiduciarias', 'pueden', 'terminar', 'siendo', 'blockbuster', 'dinero']"
9,Reddit,Trump,aoc despu s de harris por favor,positivo,aoc despu s de harris por favor,"['aoc', 'despu', 's', 'harris', 'favor']"
10,Reddit,Trump,la gente en mi trabajo no puede explicar los aspectos negativos de los aranceles y las deportaciones masivas incluso si tienen una afinidad por el conservadurismo,negativo,la gente en mi trabajo no puede explicar los aspectos negativos de los aranceles y las deportaciones masivas incluso si tienen una afinidad por el conservadurismo,"['gente', 'trabajo', 'puede', 'explicar', 'aspectos', 'negativos', 'aranceles', 'deportaciones', 'masivas', 'incluso', 'si', 'afinidad', 'conservadurismo']"
11,Reddit,Milei,el problema es que a muchos de la derecha no les importa est n hartos de la adulaci n y del contagio social,neutral,el problema es que a muchos de la derecha no les importa est n hartos de la adulaci n y del contagio social,"['problema', 'derecha', 'importa', 'est', 'n', 'hartos', 'adulaci', 'n', 'contagio', 'social']"
12,Reddit,Trump,ganar significa que no puedes ser la minor a rebelde perseguida significa que tienes que gobernar los  xitos y el fracaso es tu responsabilidad no les gusta que haya consecuencias por sus acciones editado por errores tipogr ficos y claridad,negativo,ganar significa que no puedes ser la minor a rebelde perseguida significa que tienes que gobernar los  xitos y el fracaso es tu responsabilidad no les gusta que haya consecuencias por sus acciones editado por errores tipogr ficos y claridad,"['ganar', 'significa', 'puedes', 'ser', 'minor', 'rebelde', 'perseguida', 'significa', 'gobernar', 'xitos', 'fracaso', 'responsabilidad', 'gusta', 'consecuencias', 'acciones', 'editado', 'errores', 'tipogr', 'ficos', 'claridad']"
13,Reddit,Trump,soy carpintero y un par de personas siempre est n hablando de lo horrible que es harris y de que ni siquiera sabemos si es negra y dios les desagradan las personas trans hace poco fui a pescar lenguados con mi jefe y su amigo el amigo no paraba de hablar de lo genial que es trump mientras conduc amos a casa tambi n dijo  miren a toda esa gente pescando en el puente de los negros as  que supongo que conocen a ese tipo de gente cuando volvimos a su casa para recoger mi camioneta su esposa estaba caminando con su camiseta de trump que recibi  todo tipo de elogios son una familia muy rica con mucho odio para arrojar por todos lados,negativo,soy carpintero y un par de personas siempre est n hablando de lo horrible que es harris y de que ni siquiera sabemos si es negra y dios les desagradan las personas trans hace poco fui a pescar lenguados con mi jefe y su amigo el amigo no paraba de hablar de lo genial que es trump mientras conduc amos a casa tambi n dijo  miren a toda esa gente pescando en el puente de los negros as  que supongo que conocen a ese tipo de gente cuando volvimos a su casa para recoger mi camioneta su esposa estaba caminando con su camiseta de trump que recibi  todo tipo de elogios son una familia muy rica con mucho odio para arrojar por todos lados,"['carpintero', 'par', 'persona', 'siempre', 'est', 'n', 'hablando', 'horrible', 'harris', 'siquiera', 'sabemos', 'si', 'negra', 'dios', 'desagradan', 'persona', 'trans', 'hace', 'pescar', 'lenguados', 'jefe', 'amigo', 'amigo', 'paraba', 'hablar', 'genial', 'trump', 'mientras', 'conduc', 'amos', 'casa', 'tambi', 'n', 'dijo', 'miren', 'toda', 'gente', 'pescando', 'puente', 'negro', 'a', 'supongo', 'conocen', 'tipo', 'gente', 'volvimos', 'casa', 'recoger', 'camioneta', 'esposa', 'caminando', 'camiseta', 'trump', 'recibi', 'tipo', 'elogios', 'familia', 'rica', 'odio', 'arrojar', 'lados']"
14,Reddit,Milei,s  que ash fue el primero pero solo escucho a earthworm jim,neutral,s  que ash fue el primero pero solo escucho a earthworm jim,"['s', 'ash', 'primero', 'solo', 'escucho', 'earthworm', 'jim']"
15,Reddit,Milei,bueno la pobreza ha llegado a un pico del 58 ahora por lo que realmente no es una opci n mucho mejor,positivo,bueno la pobreza ha llegado a un pico del  ahora por lo que realmente no es una opci n mucho mejor,"['bueno', 'pobreza', 'llegado', 'pico', 'ahora', 'realmente', 'opci', 'n', 'mejor']"
16,Reddit,Milei,quiero decir que no me gusta el tipo pero el art culo dice que esto ocurri  durante un debate presidencial  eso no implica que le hicieron una pregunta sobre el tema,positivo,quiero decir que no me gusta el tipo pero el art culo dice que esto ocurri  durante un debate presidencial  eso no implica que le hicieron una pregunta sobre el tema,"['quiero', 'decir', 'gusta', 'tipo', 'art', 'culo', 'dice', 'ocurri', 'debate', 'presidencial', 'implica', 'hicieron', 'pregunta', 'tema']"
17,Reddit,Trump,ahora si los grandes magnates de las energ as renovables tambi n llenaran sus bolsillos estar amos en una posici n mucho mejor,positivo,ahora si los grandes magnates de las energ as renovables tambi n llenaran sus bolsillos estar amos en una posici n mucho mejor,"['ahora', 'si', 'grandes', 'magnate', 'energ', 'a', 'renovables', 'tambi', 'n', 'llenaran', 'bolsillos', 'amos', 'posici', 'n', 'mejor']"
18,Reddit,Trump,est s siendo votado negativamente porque me gusta venir a reddit y ver c mo la gente lo hace pasar por algo enorme como si estuvieran preocupados de que sus vecinos los ataquen por tener el cartel equivocado en su jard n como lul no creo que mucha gente lo discuta con nadie m s que en l nea para ser honesto es lo opuesto a s  diferentes personas tienen diferentes experiencias no estaba diciendo que todos tengan las mismas interacciones o experiencias obviamente yo las tengo lul entonces sabes por qu  est s siendo votado negativamente es por eso que cambiaste de opini n en tu edici n,positivo,est s siendo votado negativamente porque me gusta venir a reddit y ver c mo la gente lo hace pasar por algo enorme como si estuvieran preocupados de que sus vecinos los ataquen por tener el cartel equivocado en su jard n como lul no creo que mucha gente lo discuta con nadie m s que en l nea para ser honesto es lo opuesto a s  diferentes personas tienen diferentes experiencias no estaba diciendo que todos tengan las mismas interacciones o experiencias obviamente yo las tengo lul entonces sabes por qu  est s siendo votado negativamente es por eso que cambiaste de opini n en tu edici n,"['est', 's', 'siendo', 'votado', 'negativamente', 'gusta', 'venir', 'reddit', 'ver', 'c', 'mo', 'gente', 'hace', 'pasar', 'enorme', 'si', 'preocupados', 'vecinos', 'ataquen', 'tener', 'cartel', 'equivocado', 'jard', 'n', 'lul', 'creo', 'mucha', 'gente', 'discuta', 'nadie', 'm', 's', 'l', 'nea', 'ser', 'honesto', 'opuesto', 's', 'diferentes', 'persona', 'diferentes', 'experiencias', 'diciendo', 'mismas', 'interacciones', 'experiencias', 'obviamente', 'lul', 'entonces', 'sabes', 'qu', 'est', 's', 'siendo', 'votado', 'negativamente', 'cambiaste', 'opini', 'n', 'edici', 'n']"
19,Reddit,Trump,ganar significa que no puedes ser la minor a rebelde perseguida significa que tienes que gobernar los  xitos y el fracaso es tu responsabilidad no les gusta que haya consecuencias por sus acciones editado por errores tipogr ficos y claridad,negativo,ganar significa que no puedes ser la minor a rebelde perseguida significa que tienes que gobernar los  xitos y el fracaso es tu responsabilidad no les gusta que haya consecuencias por sus acciones editado por errores tipogr ficos y claridad,"['ganar', 'significa', 'puedes', 'ser', 'minor', 'rebelde', 'perseguida', 'significa', 'gobernar', 'xitos', 'fracaso', 'responsabilidad', 'gusta', 'consecuencias', 'acciones', 'editado', 'errores', 'tipogr', 'ficos', 'claridad']"
20,Reddit,Milei,vaya eso definitivamente no parece sostenible,neutral,vaya eso definitivamente no parece sostenible,"['vaya', 'definitivamente', 'parece', 'sostenible']"
21,Reddit,Milei,aumentar los impuestos no es la soluci n m relo de esta manera con m s dinero en los bolsillos de la gente comprar n lo que necesiten o quieran y lo reinvertir n en el sistema m s impuestos significa que el gobierno lo gasta en lo que cree que usted necesita o quiere pero con 1000 intermediarios y la corrupci n qued ndose con su tajada,neutral,aumentar los impuestos no es la soluci n m relo de esta manera con m s dinero en los bolsillos de la gente comprar n lo que necesiten o quieran y lo reinvertir n en el sistema m s impuestos significa que el gobierno lo gasta en lo que cree que usted necesita o quiere pero con  intermediarios y la corrupci n qued ndose con su tajada,"['aumentar', 'impuestos', 'soluci', 'n', 'm', 'relo', 'manera', 'm', 's', 'dinero', 'bolsillos', 'gente', 'comprar', 'n', 'necesiten', 'quieran', 'reinvertir', 'n', 'sistema', 'm', 's', 'impuestos', 'significa', 'gobierno', 'gasta', 'cree', 'usted', 'necesita', 'quiere', 'intermediarios', 'corrupci', 'n', 'qued', 'ndose', 'tajada']"
22,Reddit,Bukele,supongo que cuando se encierra a todo el mundo por el mero hecho de relacionarse con otros se eliminan los juicios y los derechos al debido proceso todo se vuelve bastante sencillo tener tatuajes como medio para no ser asesinado ahora significa que puedes pasar el resto de tu vida en prisi n as  que celebremos al autoritarismo,neutral,supongo que cuando se encierra a todo el mundo por el mero hecho de relacionarse con otros se eliminan los juicios y los derechos al debido proceso todo se vuelve bastante sencillo tener tatuajes como medio para no ser asesinado ahora significa que puedes pasar el resto de tu vida en prisi n as  que celebremos al autoritarismo,"['supongo', 'encierra', 'mundo', 'mero', 'hecho', 'relacionarse', 'eliminan', 'juicios', 'derechos', 'debido', 'proceso', 'vuelve', 'bastante', 'sencillo', 'tener', 'tatuajes', 'medio', 'ser', 'asesinado', 'ahora', 'significa', 'puedes', 'pasar', 'resto', 'vida', 'prisi', 'n', 'a', 'celebremos', 'autoritarismo']"
23,Reddit,Trump,aunque le gusta nuestro dinero,neutral,aunque le gusta nuestro dinero,"['aunque', 'gusta', 'dinero']"
24,Reddit,Milei,los medios de comunicaci n como siempre apoyan las tonter as libertarias este tipo es un tipo de mierda y todo esto es pura farsa es triste que la gente vea este titular y piense que tiene la respuesta,negativo,los medios de comunicaci n como siempre apoyan las tonter as libertarias este tipo es un tipo de mierda y todo esto es pura farsa es triste que la gente vea este titular y piense que tiene la respuesta,"['medios', 'comunicaci', 'n', 'siempre', 'apoyan', 'tonter', 'a', 'libertarias', 'tipo', 'tipo', 'mierda', 'pura', 'farsa', 'triste', 'gente', 'vea', 'titular', 'piense', 'respuesta']"
25,Reddit,Bukele,canad  y el reino unido parecen ser los peores pa ses en lo que se refiere a justicia penal hacen todo lo que pueden para ayudar a los delincuentes y las v ctimas son un asunto secundario ir nicamente normalmente son estas personas simpatizantes de los criminales las que querr n que se destruya la vida de alguien si dijo algo ofensivo una vez,negativo,canad  y el reino unido parecen ser los peores pa ses en lo que se refiere a justicia penal hacen todo lo que pueden para ayudar a los delincuentes y las v ctimas son un asunto secundario ir nicamente normalmente son estas personas simpatizantes de los criminales las que querr n que se destruya la vida de alguien si dijo algo ofensivo una vez,"['canad', 'reino', 'unido', 'parecen', 'ser', 'peores', 'pa', 's', 'refiere', 'justicia', 'penal', 'hacen', 'pueden', 'ayudar', 'delincuentes', 'v', 'ctimas', 'asunto', 'secundario', 'ir', 'nicamente', 'normalmente', 'persona', 'simpatizantes', 'criminales', 'querr', 'n', 'destruya', 'vida', 'alguien', 'si', 'dijo', 'ofensivo', 'vez']"
26,Reddit,Trump,ser  sincero desde el primer d a pens  que iba a retirar su apoyo a ucrania y d rselo a rusia no me voy a quejar si simplemente hace lo mismo que nosotros,positivo,ser  sincero desde el primer d a pens  que iba a retirar su apoyo a ucrania y d rselo a rusia no me voy a quejar si simplemente hace lo mismo que nosotros,"['ser', 'sincero', 'primer', 'd', 'pen', 'iba', 'retirar', 'apoyo', 'ucrania', 'd', 'rselo', 'rusia', 'voy', 'quejar', 'si', 'simplemente', 'hace', 'mismo']"
27,Reddit,Trump,los  aranceles  son una distracci n observe c mo toda la narrativa en las semanas previas a la toma de posesi n fue sobre aranceles sin embargo todas las  rdenes ejecutivas que firm  el d a 1 fueron sobre cosas que tomaron a todos por sorpresa los  aranceles  tambi n son una herramienta de negociaci n amenaza para lograr que otras naciones realicen cambios en sus pol ticas en el caso de canad  y m xico ambos destinaron m s gastos a la protecci n fronteriza y la lucha contra las drogas estos otros pa ses tambi n est n ahora distra dos de completar otras pol ticas y ahora est n luchando internamente y operando en un estado de confusi ncaos esto es lo que est  haciendo el equipo de trump cuando habla de  aranceles ,neutral,los  aranceles  son una distracci n observe c mo toda la narrativa en las semanas previas a la toma de posesi n fue sobre aranceles sin embargo todas las  rdenes ejecutivas que firm  el d a  fueron sobre cosas que tomaron a todos por sorpresa los  aranceles  tambi n son una herramienta de negociaci n amenaza para lograr que otras naciones realicen cambios en sus pol ticas en el caso de canad  y m xico ambos destinaron m s gastos a la protecci n fronteriza y la lucha contra las drogas estos otros pa ses tambi n est n ahora distra dos de completar otras pol ticas y ahora est n luchando internamente y operando en un estado de confusi ncaos esto es lo que est  haciendo el equipo de trump cuando habla de  aranceles,"['aranceles', 'distracci', 'n', 'observe', 'c', 'mo', 'toda', 'narrativa', 'semanas', 'previas', 'toma', 'posesi', 'n', 'aranceles', 'embargo', 'toda', 'rdenes', 'ejecutivas', 'firm', 'd', 'cosas', 'tomaron', 'sorpresa', 'aranceles', 'tambi', 'n', 'herramienta', 'negociaci', 'n', 'amenaza', 'lograr', 'naciones', 'realicen', 'cambios', 'pol', 'ticas', 'caso', 'canad', 'm', 'xico', 'ambo', 'destinaron', 'm', 's', 'gastos', 'protecci', 'n', 'fronteriza', 'lucha', 'drogas', 'pa', 's', 'tambi', 'n', 'est', 'n', 'ahora', 'distra', 'do', 'completar', 'pol', 'ticas', 'ahora', 'est', 'n', 'luchando', 'internamente', 'operando', 'confusi', 'ncaos', 'est', 'haciendo', 'equipo', 'trump', 'habla', 'aranceles']"
28,Reddit,Trump,me da curiosidad por qu  eso no les habr a impedido gritarnos en la cara antes ahora se est n dando cuenta de que van a salir lastimados trump tampoco lastimar  a la gente adecuada esta vez lastimar  a todos los que no nacieron ricos,neutral,me da curiosidad por qu  eso no les habr a impedido gritarnos en la cara antes ahora se est n dando cuenta de que van a salir lastimados trump tampoco lastimar  a la gente adecuada esta vez lastimar  a todos los que no nacieron ricos,"['da', 'curiosidad', 'qu', 'habr', 'impedido', 'gritarnos', 'cara', 'ahora', 'est', 'n', 'dando', 'cuenta', 'van', 'salir', 'lastimados', 'trump', 'tampoco', 'lastimar', 'gente', 'adecuada', 'vez', 'lastimar', 'nacieron', 'rico']"
29,Reddit,Milei, mierda y a n as  les llev  m s de una d cada votar por la misma mierda antes de que las cosas empeoraran lo suficiente como para que votaran de manera diferente,negativo,mierda y a n as  les llev  m s de una d cada votar por la misma mierda antes de que las cosas empeoraran lo suficiente como para que votaran de manera diferente,"['mierda', 'n', 'a', 'llev', 'm', 's', 'd', 'cada', 'votar', 'misma', 'mierda', 'cosas', 'empeoraran', 'suficiente', 'votaran', 'manera', 'diferente']"
30,Reddit,Bukele,eliminado,neutral,eliminado,['eliminado']
31,Reddit,Bukele,mmm est  bien est s indicando esas cifras como si fueran datos verificados por terceros  sabes tambi n cu ntas personas la usaron para comprar alimentos gratis y luego eliminaron la aplicaci n,positivo,mmm est  bien est s indicando esas cifras como si fueran datos verificados por terceros  sabes tambi n cu ntas personas la usaron para comprar alimentos gratis y luego eliminaron la aplicaci n,"['mmm', 'est', 'bien', 'est', 's', 'indicando', 'cifras', 'si', 'datos', 'verificados', 'terceros', 'sabes', 'tambi', 'n', 'cu', 'ntas', 'persona', 'usaron', 'comprar', 'alimentos', 'gratis', 'luego', 'eliminaron', 'aplicaci', 'n']"
32,Reddit,Milei,incluso si hubiera habitantes nativos de las malvinas todav a no ser an argentinos,neutral,incluso si hubiera habitantes nativos de las malvinas todav a no ser an argentinos,"['incluso', 'si', 'habitantes', 'nativos', 'malvinas', 'todav', 'ser', 'an', 'argentinos']"
33,Reddit,Trump,literalmente tenemos miles de millones que tirar como si no hubiera nada que estuviera bien,positivo,literalmente tenemos miles de millones que tirar como si no hubiera nada que estuviera bien,"['literalmente', 'mile', 'millones', 'tirar', 'si', 'bien']"
34,Reddit,Milei,es un problema general que en econom a las correcciones de cualquier tipo suelen ser dolorosas para muchas personas si no lo fueran el comportamiento insostenible no habr a empeorado tanto en primer lugar la elecci n suele ser dolor ahora o m s dolor m s adelante preferiblemente despu s de las pr ximas elecciones,negativo,es un problema general que en econom a las correcciones de cualquier tipo suelen ser dolorosas para muchas personas si no lo fueran el comportamiento insostenible no habr a empeorado tanto en primer lugar la elecci n suele ser dolor ahora o m s dolor m s adelante preferiblemente despu s de las pr ximas elecciones,"['problema', 'general', 'econom', 'correcciones', 'cualquier', 'tipo', 'suelen', 'ser', 'dolorosas', 'muchas', 'persona', 'si', 'comportamiento', 'insostenible', 'habr', 'empeorado', 'primer', 'lugar', 'elecci', 'n', 'suele', 'ser', 'dolor', 'ahora', 'm', 's', 'dolor', 'm', 's', 'adelante', 'preferiblemente', 'despu', 's', 'pr', 'ximas', 'elecciones']"
35,Reddit,Bukele,hay muchas razones para no quererlo est  en pactos con pandillas destituy  al procurador general meti  al ej rcito al congreso no sabemos nada de la  masacre de chalchuapa  metieron a mucha gente en la investigaci n de ese caso gente que no estaba ah  y v ctimas de ese asesino se infiltr  entre su gente en la protesta del 15 de septiembre es tan mierda como nuestros  ltimos presidentes tal vez incluso peor,negativo,hay muchas razones para no quererlo est  en pactos con pandillas destituy  al procurador general meti  al ej rcito al congreso no sabemos nada de la  masacre de chalchuapa  metieron a mucha gente en la investigaci n de ese caso gente que no estaba ah  y v ctimas de ese asesino se infiltr  entre su gente en la protesta del  de septiembre es tan mierda como nuestros  ltimos presidentes tal vez incluso peor,"['muchas', 'razones', 'quererlo', 'est', 'pactos', 'pandillas', 'destituy', 'procurador', 'general', 'meti', 'ej', 'rcito', 'congreso', 'sabemos', 'masacre', 'chalchuapa', 'metieron', 'mucha', 'gente', 'investigaci', 'n', 'caso', 'gente', 'ah', 'v', 'ctimas', 'asesino', 'infiltr', 'gente', 'protesta', 'septiembre', 'tan', 'mierda', 'ltimos', 'presidentes', 'tal', 'vez', 'incluso', 'peor']"
36,Reddit,Trump, esta es una gran cita 1010,positivo,esta es una gran cita,"['gran', 'cita']"
37,Reddit,Trump,todos los subreddits populares ten an publicaciones kamala buena votadas positivamente durante casi 5 meses y enviadas como spam por todo reddit incluso en subreddits que no ten an nada que ver con la pol tica y luego la destruyeron por completo y ahora todos los subreddits principales volvieron a ser trump malo maldita sea tal vez la gente simplemente est  cansada de la pol tica y no quiere hablar de ella para ganarse la vida un concepto dif cil para opusteveintenn es hora de conseguir un verdadero compa ero de pasatiempo,negativo,todos los subreddits populares ten an publicaciones kamala buena votadas positivamente durante casi  meses y enviadas como spam por todo reddit incluso en subreddits que no ten an nada que ver con la pol tica y luego la destruyeron por completo y ahora todos los subreddits principales volvieron a ser trump malo maldita sea tal vez la gente simplemente est  cansada de la pol tica y no quiere hablar de ella para ganarse la vida un concepto dif cil para opusteveintenn es hora de conseguir un verdadero compa ero de pasatiempo,"['subreddits', 'populares', 'ten', 'an', 'publicaciones', 'kamala', 'buena', 'votadas', 'positivamente', 'casi', 'me', 'enviadas', 'spam', 'reddit', 'incluso', 'subreddits', 'ten', 'an', 'ver', 'pol', 'tica', 'luego', 'destruyeron', 'completo', 'ahora', 'subreddits', 'principales', 'volvieron', 'ser', 'trump', 'malo', 'maldita', 'tal', 'vez', 'gente', 'simplemente', 'est', 'cansada', 'pol', 'tica', 'quiere', 'hablar', 'ganarse', 'vida', 'concepto', 'dif', 'cil', 'opusteveintenn', 'hora', 'conseguir', 'verdadero', 'compa', 'ero', 'pasatiempo']"
38,Reddit,Trump,conservative hace que la audici n de bebeen durante d cadas sea lo horrible que es y c mo todos huyen de statem todav a esperando las autopistas vac as y poder comprar una propiedad del frente de la playa para una canci n,negativo,conservative hace que la audici n de bebeen durante d cadas sea lo horrible que es y c mo todos huyen de statem todav a esperando las autopistas vac as y poder comprar una propiedad del frente de la playa para una canci n,"['conservative', 'hace', 'audici', 'n', 'bebeen', 'd', 'cadas', 'horrible', 'c', 'mo', 'huyen', 'statem', 'todav', 'esperando', 'autopistas', 'vac', 'a', 'poder', 'comprar', 'propiedad', 'frente', 'playa', 'canci', 'n']"
39,Reddit,Milei,en estados unidos lo har n durante dos d cadas las generaciones m s j venes han estado protestando por el medio ambiente pero en cambio los baby boomers siguen votando a republicanos retr grados que quieren seguir utilizando combustibles f siles porque es una cuesti n econ mica los baby boomers son la raz n por la que las corporaciones controlan todo en estados unidos reagan los convenci  de que cualquier corporaci n es buena y har  que estados unidos sea maravilloso,positivo,en estados unidos lo har n durante dos d cadas las generaciones m s j venes han estado protestando por el medio ambiente pero en cambio los baby boomers siguen votando a republicanos retr grados que quieren seguir utilizando combustibles f siles porque es una cuesti n econ mica los baby boomers son la raz n por la que las corporaciones controlan todo en estados unidos reagan los convenci  de que cualquier corporaci n es buena y har  que estados unidos sea maravilloso,"['unidos', 'har', 'n', 'do', 'd', 'cadas', 'generaciones', 'm', 's', 'j', 'venes', 'protestando', 'medio', 'ambiente', 'cambio', 'baby', 'boomer', 'siguen', 'votando', 'republicanos', 'retr', 'grados', 'quieren', 'seguir', 'utilizando', 'combustible', 'f', 'siles', 'cuesti', 'n', 'econ', 'mica', 'baby', 'boomer', 'raz', 'n', 'corporaciones', 'controlan', 'unidos', 'reagan', 'convenci', 'cualquier', 'corporaci', 'n', 'buena', 'har', 'unidos', 'maravilloso']"
40,Reddit,Trump,un mont n de ellos son b sicamente un meme de la vida real en los condados rojos de conservadores que se mudan a tennessee o idaho y las personas que se mudan terminan con informaci n a sus amigos en ca sobre lugares para vivir como las fiestas de exploraci n 75 de los trasplantes de california en idaho est n registradosrepublicanos vivo en una ciudad algo roja y conozco m ltiples familias que se mudaron a esos estados por razones pol ticas culturales que hay una migraci n en progreso a medida que las personas se est n clasificando en estados y  reas basadas mucho en rojo o azul,neutral,un mont n de ellos son b sicamente un meme de la vida real en los condados rojos de conservadores que se mudan a tennessee o idaho y las personas que se mudan terminan con informaci n a sus amigos en ca sobre lugares para vivir como las fiestas de exploraci n  de los trasplantes de california en idaho est n registradosrepublicanos vivo en una ciudad algo roja y conozco m ltiples familias que se mudaron a esos estados por razones pol ticas culturales que hay una migraci n en progreso a medida que las personas se est n clasificando en estados y  reas basadas mucho en rojo o azul,"['mont', 'n', 'b', 'sicamente', 'meme', 'vida', 'real', 'condados', 'rojos', 'conservadores', 'mudan', 'tennessee', 'idaho', 'persona', 'mudan', 'terminan', 'informaci', 'n', 'amigo', 'ca', 'lugares', 'vivir', 'fiesta', 'exploraci', 'n', 'trasplantes', 'california', 'idaho', 'est', 'n', 'registradosrepublicanos', 'vivo', 'ciudad', 'roja', 'conozco', 'm', 'ltiples', 'familias', 'mudaron', 'razones', 'pol', 'ticas', 'culturales', 'migraci', 'n', 'progreso', 'medida', 'persona', 'est', 'n', 'clasificando', 'reas', 'basadas', 'rojo', 'azul']"
41,Reddit,Milei,lo era porque anteriormente hab a dicho que cre a que la gente que viv a en las malvinas ten a derecho a la autodeterminaci n lo cual no es una posici n muy aceptable para un presidente dijo lo que dijo tratando de dar marcha atr s porque le habr a costado votos por favor no escuchen a los idiotas que viven en el otro lado del mundo y que no saben una mierda sobre nuestro pa s este tipo es una mierda y la mayor a de la gente lo sabe pero el 55 cre a que era la mierda menor tomen la palabra del 55 de la gente que vive en este pa s y no de un idiota con una licenciatura en humanidades que est  al borde de un colapso mental porque tiene una inflaci n anual del 8 y probablemente tiene un fetiche de persecuci n o est  oprimido de alguna manera imaginaria,positivo,lo era porque anteriormente hab a dicho que cre a que la gente que viv a en las malvinas ten a derecho a la autodeterminaci n lo cual no es una posici n muy aceptable para un presidente dijo lo que dijo tratando de dar marcha atr s porque le habr a costado votos por favor no escuchen a los idiotas que viven en el otro lado del mundo y que no saben una mierda sobre nuestro pa s este tipo es una mierda y la mayor a de la gente lo sabe pero el  cre a que era la mierda menor tomen la palabra del  de la gente que vive en este pa s y no de un idiota con una licenciatura en humanidades que est  al borde de un colapso mental porque tiene una inflaci n anual del  y probablemente tiene un fetiche de persecuci n o est  oprimido de alguna manera imaginaria,"['anteriormente', 'hab', 'dicho', 'cre', 'gente', 'viv', 'malvinas', 'ten', 'derecho', 'autodeterminaci', 'n', 'posici', 'n', 'aceptable', 'presidente', 'dijo', 'dijo', 'tratando', 'dar', 'marcha', 'atr', 's', 'habr', 'costado', 'votos', 'favor', 'escuchen', 'idiotas', 'viven', 'lado', 'mundo', 'saben', 'mierda', 'pa', 's', 'tipo', 'mierda', 'mayor', 'gente', 'sabe', 'cre', 'mierda', 'menor', 'tomen', 'palabra', 'gente', 'vive', 'pa', 's', 'idiota', 'licenciatura', 'humanidades', 'est', 'borde', 'colapso', 'mental', 'inflaci', 'n', 'anual', 'probablemente', 'fetiche', 'persecuci', 'n', 'est', 'oprimido', 'alguna', 'manera', 'imaginaria']"
42,Reddit,Milei,m s bien la gente no entiende en absoluto hasta qu  punto pueden llegar a estar mal las cosas y que no hay una salida f cil algo similar ocurri  con rusia en 1991 a la gente le encanta decir que la vieja forma de vida era mejor pero dej  de existir porque ya no pod a sostenerse a s  misma y despu s de tantos a os de decadencia no hab a una opci n de recuperaci n indolora algunos simplemente la superaron m s r pido que otros por ejemplo estonia frente a lituania en parte debido a que aceptaron la nueva realidad,positivo,m s bien la gente no entiende en absoluto hasta qu  punto pueden llegar a estar mal las cosas y que no hay una salida f cil algo similar ocurri  con rusia en  a la gente le encanta decir que la vieja forma de vida era mejor pero dej  de existir porque ya no pod a sostenerse a s  misma y despu s de tantos a os de decadencia no hab a una opci n de recuperaci n indolora algunos simplemente la superaron m s r pido que otros por ejemplo estonia frente a lituania en parte debido a que aceptaron la nueva realidad,"['m', 's', 'bien', 'gente', 'entiende', 'absoluto', 'qu', 'punto', 'pueden', 'llegar', 'mal', 'cosas', 'salida', 'f', 'cil', 'similar', 'ocurri', 'rusia', 'gente', 'encanta', 'decir', 'vieja', 'forma', 'vida', 'mejor', 'dej', 'existir', 'pod', 'sostenerse', 's', 'misma', 'despu', 's', 'tantos', 'decadencia', 'hab', 'opci', 'n', 'recuperaci', 'n', 'indolora', 'simplemente', 'superaron', 'm', 's', 'r', 'pido', 'ejemplo', 'estonia', 'frente', 'lituania', 'parte', 'debido', 'aceptaron', 'nueva', 'realidad']"
43,Reddit,Bukele,sinceramente este tipo de represi n brutal tiene su momento y su lugar y eso ocurre en un pa s como el salvador obviamente no en los pa ses del primer mundo las pol ticas que son una buena idea en algunos lugares son una mala idea en otros algo que mucha gente est pida no comprende especialmente los urbanitas estadounidenses y los neoconservadores,neutral,sinceramente este tipo de represi n brutal tiene su momento y su lugar y eso ocurre en un pa s como el salvador obviamente no en los pa ses del primer mundo las pol ticas que son una buena idea en algunos lugares son una mala idea en otros algo que mucha gente est pida no comprende especialmente los urbanitas estadounidenses y los neoconservadores,"['sinceramente', 'tipo', 'represi', 'n', 'brutal', 'momento', 'lugar', 'ocurre', 'pa', 's', 'salvador', 'obviamente', 'pa', 's', 'primer', 'mundo', 'pol', 'ticas', 'buena', 'idea', 'lugares', 'mala', 'idea', 'mucha', 'gente', 'est', 'pida', 'comprende', 'especialmente', 'urbanitas', 'estadounidenses', 'neoconservadores']"
44,Reddit,Milei,puede que est  loco pero si no recuerdo mal le  un art culo en the guardian sobre una provincia que frecuentemente recib a mucho apoyo del gobierno y tambi n eran de los principales partidarios del gobierno con un 78 trabajando directa o indirectamente para el gobierno si eso no indica algo,positivo,puede que est  loco pero si no recuerdo mal le  un art culo en the guardian sobre una provincia que frecuentemente recib a mucho apoyo del gobierno y tambi n eran de los principales partidarios del gobierno con un  trabajando directa o indirectamente para el gobierno si eso no indica algo,"['puede', 'est', 'loco', 'si', 'recuerdo', 'mal', 'art', 'culo', 'the', 'guardian', 'provincia', 'frecuentemente', 'recib', 'apoyo', 'gobierno', 'tambi', 'n', 'principales', 'partidarios', 'gobierno', 'trabajando', 'directa', 'indirectamente', 'gobierno', 'si', 'indica']"
45,Reddit,Milei,claro que ser  malo para los pobres en el corto plazo pero para que el gobierno ayude a los pobres en el largo plazo el gobierno necesita una moneda que realmente valga algo una econom a d bil no puede darse el lujo de apoyar a todos una vez que la econom a vuelva a un estado aceptable es cuando el gobierno puede comenzar a aumentar el gasto social nuevamente siento que eso deber a ser obvio,negativo,claro que ser  malo para los pobres en el corto plazo pero para que el gobierno ayude a los pobres en el largo plazo el gobierno necesita una moneda que realmente valga algo una econom a d bil no puede darse el lujo de apoyar a todos una vez que la econom a vuelva a un estado aceptable es cuando el gobierno puede comenzar a aumentar el gasto social nuevamente siento que eso deber a ser obvio,"['claro', 'ser', 'malo', 'pobres', 'corto', 'plazo', 'gobierno', 'ayude', 'pobres', 'largo', 'plazo', 'gobierno', 'necesita', 'moneda', 'realmente', 'valga', 'econom', 'd', 'bil', 'puede', 'darse', 'lujo', 'apoyar', 'vez', 'econom', 'vuelva', 'aceptable', 'gobierno', 'puede', 'comenzar', 'aumentar', 'gasto', 'social', 'nuevamente', 'siento', 'deber', 'ser', 'obvio']"
46,Reddit,Trump,a rega adientes he pensado lo mismo es realmente el  nico aspecto positivo que tengo como estadounidense el hecho de que haya llegado a la cima y ahora nadie puede meterse con  l  l establece sus reglas y no est  dispuesto a parecer d bil es realmente una carta impredecible cualquier cosa puede pasar siempre y cuando beneficie a trump,positivo,a rega adientes he pensado lo mismo es realmente el  nico aspecto positivo que tengo como estadounidense el hecho de que haya llegado a la cima y ahora nadie puede meterse con  l  l establece sus reglas y no est  dispuesto a parecer d bil es realmente una carta impredecible cualquier cosa puede pasar siempre y cuando beneficie a trump,"['rega', 'adientes', 'pensado', 'mismo', 'realmente', 'nico', 'aspecto', 'positivo', 'estadounidense', 'hecho', 'llegado', 'cima', 'ahora', 'nadie', 'puede', 'meterse', 'l', 'l', 'establece', 'reglas', 'est', 'dispuesto', 'parecer', 'd', 'bil', 'realmente', 'carta', 'impredecible', 'cualquier', 'cosa', 'puede', 'pasar', 'siempre', 'beneficie', 'trump']"
47,Reddit,Trump,lamentablemente las garant as estadounidenses pueden resultar in tiles despu s de un m ximo de cuatro a os por ejemplo estados unidos abandona el acuerdo clim tico de par s cuatro a os despu s se reincorpora a  l cuatro a os despu s lo abandona de nuevo estados unidos ya no es un socio fiable en el escenario mundial ucrania tambi n tiene un historial de pu aladas por la espalda despu s de este tipo de acuerdos renunci  a sus armas nucleares sovi ticas a cambio de garant as de seguridad con respecto a rusia que se han incumplido hace mucho tiempo un acuerdo que por cierto fue negociado en gran medida por estados unidos como europeo cr anme me gustar a que fuera diferente realmente me gustar a ver a estados unidos convertirse de nuevo en un socio fiable,positivo,lamentablemente las garant as estadounidenses pueden resultar in tiles despu s de un m ximo de cuatro a os por ejemplo estados unidos abandona el acuerdo clim tico de par s cuatro a os despu s se reincorpora a  l cuatro a os despu s lo abandona de nuevo estados unidos ya no es un socio fiable en el escenario mundial ucrania tambi n tiene un historial de pu aladas por la espalda despu s de este tipo de acuerdos renunci  a sus armas nucleares sovi ticas a cambio de garant as de seguridad con respecto a rusia que se han incumplido hace mucho tiempo un acuerdo que por cierto fue negociado en gran medida por estados unidos como europeo cr anme me gustar a que fuera diferente realmente me gustar a ver a estados unidos convertirse de nuevo en un socio fiable,"['lamentablemente', 'garant', 'a', 'estadounidenses', 'pueden', 'resultar', 'in', 'tile', 'despu', 's', 'm', 'ximo', 'cuatro', 'ejemplo', 'unidos', 'abandona', 'acuerdo', 'clim', 'tico', 'par', 's', 'cuatro', 'despu', 's', 'reincorpora', 'l', 'cuatro', 'despu', 's', 'abandona', 'nuevo', 'unidos', 'socio', 'fiable', 'escenario', 'mundial', 'ucrania', 'tambi', 'n', 'historial', 'pu', 'aladas', 'espalda', 'despu', 's', 'tipo', 'acuerdos', 'renunci', 'armas', 'nucleares', 'sovi', 'ticas', 'cambio', 'garant', 'a', 'seguridad', 'respecto', 'rusia', 'incumplido', 'hace', 'tiempo', 'acuerdo', 'cierto', 'negociado', 'gran', 'medida', 'unidos', 'europeo', 'cr', 'anme', 'gustar', 'diferente', 'realmente', 'gustar', 'ver', 'unidos', 'convertirse', 'nuevo', 'socio', 'fiable']"
48,Reddit,Milei,esto suena a lo que muchos pol ticos de mi pa s dicen que quieren hacer recortar gastos innecesarios despedir a todo el mundo el gobierno es demasiado grande etc,positivo,esto suena a lo que muchos pol ticos de mi pa s dicen que quieren hacer recortar gastos innecesarios despedir a todo el mundo el gobierno es demasiado grande etc,"['suena', 'pol', 'ticos', 'pa', 's', 'dicen', 'quieren', 'hacer', 'recortar', 'gastos', 'innecesarios', 'despedir', 'mundo', 'gobierno', 'demasiado', 'grande', 'etc']"
49,Reddit,Milei,bueno que tbf imprima dinero y cause una inflaci n interanual del 300 probablemente mayor tampoco fue un gran plan,positivo,bueno que tbf imprima dinero y cause una inflaci n interanual del  probablemente mayor tampoco fue un gran plan,"['bueno', 'tbf', 'imprima', 'dinero', 'cause', 'inflaci', 'n', 'interanual', 'probablemente', 'mayor', 'tampoco', 'gran', 'plan']"
50,Reddit,Trump,fui a san francisco por primera vez hace unos a os no era tan malo como las descripciones que escuch  proporcionalmente no era diferente de la ciudad importante m s peque a que crec  cerca de id que vio las mismas cosas en mi ciudad natal en una bastante igualescala,negativo,fui a san francisco por primera vez hace unos a os no era tan malo como las descripciones que escuch  proporcionalmente no era diferente de la ciudad importante m s peque a que crec  cerca de id que vio las mismas cosas en mi ciudad natal en una bastante igualescala,"['san', 'francisco', 'primera', 'vez', 'hace', 'tan', 'malo', 'descripciones', 'escuch', 'proporcionalmente', 'diferente', 'ciudad', 'importante', 'm', 's', 'peque', 'crec', 'cerca', 'id', 'vio', 'mismas', 'cosas', 'ciudad', 'natal', 'bastante', 'igualescala']"
51,Reddit,Bukele,hay que estar realmente loco para dar esa respuesta a un l der nacional que est  salvando su naci n y las vidas de millones de civiles inocentes no hay una manera f cil de salir de una de las regiones m s violentas del mundo se les ha manipulado para favorecer la posible inocencia de los asesinos por encima de la inocencia segura de los civiles no sabemos qu  podr a haber pasado todo lo que sabemos es lo que ha sucedido que es que las tasas de asesinatos se han desplomado a cero sus m todos funcionaron a la perfecci n y ninguna cantidad de propaganda podr  detener eso,positivo,hay que estar realmente loco para dar esa respuesta a un l der nacional que est  salvando su naci n y las vidas de millones de civiles inocentes no hay una manera f cil de salir de una de las regiones m s violentas del mundo se les ha manipulado para favorecer la posible inocencia de los asesinos por encima de la inocencia segura de los civiles no sabemos qu  podr a haber pasado todo lo que sabemos es lo que ha sucedido que es que las tasas de asesinatos se han desplomado a cero sus m todos funcionaron a la perfecci n y ninguna cantidad de propaganda podr  detener eso,"['realmente', 'loco', 'dar', 'respuesta', 'l', 'der', 'nacional', 'est', 'salvando', 'naci', 'n', 'vidas', 'millones', 'civiles', 'inocentes', 'manera', 'f', 'cil', 'salir', 'regiones', 'm', 's', 'violentas', 'mundo', 'manipulado', 'favorecer', 'posible', 'inocencia', 'asesinos', 'encima', 'inocencia', 'segura', 'civiles', 'sabemos', 'qu', 'podr', 'haber', 'pasado', 'sabemos', 'sucedido', 'tasas', 'asesinatos', 'desplomado', 'cero', 'm', 'funcionaron', 'perfecci', 'n', 'ninguna', 'cantidad', 'propaganda', 'podr', 'detener']"
52,Reddit,Bukele,recomiendo encarecidamente el documental crips and bloods hechos en estados unidos porque describe las estrategias que el gobierno de los estados unidos us  en las comunidades negras en los a os 60 para eliminar a los l deres izquierdistas y crear las condiciones generacionales necesarias para que las pandillas fueran las mismas estrategias utilizadas por los estados unidos por los estados unidosen toda am rica latina en los a os 80 y 90,neutral,recomiendo encarecidamente el documental crips and bloods hechos en estados unidos porque describe las estrategias que el gobierno de los estados unidos us  en las comunidades negras en los a os  para eliminar a los l deres izquierdistas y crear las condiciones generacionales necesarias para que las pandillas fueran las mismas estrategias utilizadas por los estados unidos por los estados unidosen toda am rica latina en los a os  y,"['recomiendo', 'encarecidamente', 'documental', 'crips', 'and', 'blood', 'hechos', 'unidos', 'describe', 'estrategias', 'gobierno', 'unidos', 'u', 'comunidades', 'negras', 'eliminar', 'l', 'deres', 'izquierdistas', 'crear', 'condiciones', 'generacionales', 'necesarias', 'pandillas', 'mismas', 'estrategias', 'utilizadas', 'unidos', 'unidosen', 'toda', 'am', 'rica', 'latina']"
53,Reddit,Trump,es un club grande y no estamos en  l esa frase me ha estado dando vueltas en la cabeza  ltimamente de manera deprimente,positivo,es un club grande y no estamos en  l esa frase me ha estado dando vueltas en la cabeza  ltimamente de manera deprimente,"['club', 'grande', 'l', 'frase', 'dando', 'vueltas', 'cabeza', 'ltimamente', 'manera', 'deprimente']"
54,Reddit,Milei,cuando dos o tres tipos quieren implementar aranceles y otras pol ticas antiecon micas populistas authright no es tu amigo libright recuerda eso,neutral,cuando dos o tres tipos quieren implementar aranceles y otras pol ticas antiecon micas populistas authright no es tu amigo libright recuerda eso,"['do', 'tres', 'tipos', 'quieren', 'implementar', 'aranceles', 'pol', 'ticas', 'antiecon', 'mica', 'populistas', 'authright', 'amigo', 'libright', 'recuerda']"
55,Reddit,Trump,es peor,negativo,es peor,['peor']
56,Reddit,Milei,milei ocupa la portada de the economist,neutral,milei ocupa la portada de the economist,"['milei', 'ocupa', 'portada', 'the', 'economist']"
57,Reddit,Bukele,fuente conf a en m  hermano no hay datos sobre esto solo la palabra de una persona que ha sido dudosa con esto desde el principio,neutral,fuente conf a en m  hermano no hay datos sobre esto solo la palabra de una persona que ha sido dudosa con esto desde el principio,"['fuente', 'conf', 'm', 'hermano', 'datos', 'solo', 'palabra', 'persona', 'sido', 'dudosa', 'principio']"
58,Reddit,Trump,nada de lo que trump dice que es malo es incluso 10 tan malo como  l dice que es,negativo,nada de lo que trump dice que es malo es incluso  tan malo como  l dice que es,"['trump', 'dice', 'malo', 'incluso', 'tan', 'malo', 'l', 'dice']"
59,Reddit,Bukele,jfc los liberales son los peores hombre,negativo,jfc los liberales son los peores hombre,"['jfc', 'liberales', 'peores', 'hombre']"
60,Reddit,Trump,s  trump es ese tipo de animal mentiroso no es una sorpresa lo triste es el pueblo estadounidense que sigue creyendo en las mentiras,negativo,s  trump es ese tipo de animal mentiroso no es una sorpresa lo triste es el pueblo estadounidense que sigue creyendo en las mentiras,"['s', 'trump', 'tipo', 'animal', 'mentiroso', 'sorpresa', 'triste', 'pueblo', 'estadounidense', 'sigue', 'creyendo', 'mentiras']"
61,Reddit,Trump,conservative hace que la audici n de bebeen durante d cadas sea lo horrible que es y c mo todos huyen de statem todav a esperando las autopistas vac as y poder comprar una propiedad del frente de la playa para una canci n,negativo,conservative hace que la audici n de bebeen durante d cadas sea lo horrible que es y c mo todos huyen de statem todav a esperando las autopistas vac as y poder comprar una propiedad del frente de la playa para una canci n,"['conservative', 'hace', 'audici', 'n', 'bebeen', 'd', 'cadas', 'horrible', 'c', 'mo', 'huyen', 'statem', 'todav', 'esperando', 'autopistas', 'vac', 'a', 'poder', 'comprar', 'propiedad', 'frente', 'playa', 'canci', 'n']"
62,Reddit,Bukele,en serio ese tipo est  jugando con fuego,neutral,en serio ese tipo est  jugando con fuego,"['serio', 'tipo', 'est', 'jugando', 'fuego']"
63,Reddit,Bukele,estaba en la radio creo que en all things considered,neutral,estaba en la radio creo que en all things considered,"['radio', 'creo', 'all', 'thing', 'considered']"
64,Reddit,Milei,esto no tiene mucho que ver con el keynesianismo de hecho recortar el gasto p blico durante per odos de crecimiento econ mico positivo es exactamente lo que keynes ped a,positivo,esto no tiene mucho que ver con el keynesianismo de hecho recortar el gasto p blico durante per odos de crecimiento econ mico positivo es exactamente lo que keynes ped a,"['ver', 'keynesianismo', 'hecho', 'recortar', 'gasto', 'p', 'blico', 'per', 'odo', 'crecimiento', 'econ', 'mico', 'positivo', 'exactamente', 'keynes', 'ped']"
65,Reddit,Milei,el poder corrompe es la naturaleza humana,neutral,el poder corrompe es la naturaleza humana,"['poder', 'corrompe', 'naturaleza', 'humana']"
66,Reddit,Trump,un ejemplo clave de lo que posiblemente va a pasar es lo que est  sucediendo en canad  nuestra infraestructura y nuestros servicios sociales no pueden soportar la llegada de tanta gente y el primer ministro el equivalente al gobernador de un estado de estados unidos de ontario recort  la financiaci n de la sanidad hace como seis a os los salarios han estado bajando y el mercado de alquileres es un robo a mano armada la mayor a de la gente no puede encontrar trabajo y la crisis de las personas sin hogar es a n peor,negativo,un ejemplo clave de lo que posiblemente va a pasar es lo que est  sucediendo en canad  nuestra infraestructura y nuestros servicios sociales no pueden soportar la llegada de tanta gente y el primer ministro el equivalente al gobernador de un estado de estados unidos de ontario recort  la financiaci n de la sanidad hace como seis a os los salarios han estado bajando y el mercado de alquileres es un robo a mano armada la mayor a de la gente no puede encontrar trabajo y la crisis de las personas sin hogar es a n peor,"['ejemplo', 'clave', 'posiblemente', 'va', 'pasar', 'est', 'sucediendo', 'canad', 'infraestructura', 'servicios', 'sociales', 'pueden', 'soportar', 'llegada', 'tanta', 'gente', 'primer', 'ministro', 'equivalente', 'gobernador', 'unidos', 'ontario', 'recort', 'financiaci', 'n', 'sanidad', 'hace', 'seis', 'salarios', 'bajando', 'mercado', 'alquileres', 'robo', 'mano', 'armada', 'mayor', 'gente', 'puede', 'encontrar', 'trabajo', 'crisis', 'persona', 'hogar', 'n', 'peor']"
67,Reddit,Milei,han intentado no usar un mazo durante d cadas y solo han empeorado el problema cada vez m s llega un momento en que se vuelve una locura seguir intentando lo mismo,negativo,han intentado no usar un mazo durante d cadas y solo han empeorado el problema cada vez m s llega un momento en que se vuelve una locura seguir intentando lo mismo,"['intentado', 'usar', 'mazo', 'd', 'cadas', 'solo', 'empeorado', 'problema', 'cada', 'vez', 'm', 's', 'llega', 'momento', 'vuelve', 'locura', 'seguir', 'intentando', 'mismo']"
68,Reddit,Bukele,ese es el problema la misma pol tica exacta en esta situaci n podr a ser vista retrospectivamente como el punto en el que todo empeor  mucho o como el punto en el que las cosas se arreglaron para siempre dependiendo solo de unas pocas personas en posiciones clave que tienen que soportar el atractivo del poder,negativo,ese es el problema la misma pol tica exacta en esta situaci n podr a ser vista retrospectivamente como el punto en el que todo empeor  mucho o como el punto en el que las cosas se arreglaron para siempre dependiendo solo de unas pocas personas en posiciones clave que tienen que soportar el atractivo del poder,"['problema', 'misma', 'pol', 'tica', 'exacta', 'situaci', 'n', 'podr', 'ser', 'vista', 'retrospectivamente', 'punto', 'empeor', 'punto', 'cosas', 'arreglaron', 'siempre', 'dependiendo', 'solo', 'unas', 'pocas', 'persona', 'posiciones', 'clave', 'soportar', 'atractivo', 'poder']"
69,Reddit,Milei,ni siquiera tendr s que hacerlo el tipo trajo su propia motosierra,neutral,ni siquiera tendr s que hacerlo el tipo trajo su propia motosierra,"['siquiera', 'tendr', 's', 'hacerlo', 'tipo', 'trajo', 'propia', 'motosierra']"
70,Reddit,Milei,solo quiero se alar que una inflaci n mensual del 27 sigue siendo del 324 anual lo que ser a catastr ficamente malo para cualquier econom a moderna solo para dar una idea en 2022 el peor per odo inflacionario en los ee uu desde la d cada de 1980 la inflaci n fue del 8,negativo,solo quiero se alar que una inflaci n mensual del  sigue siendo del  anual lo que ser a catastr ficamente malo para cualquier econom a moderna solo para dar una idea en  el peor per odo inflacionario en los ee uu desde la d cada de  la inflaci n fue del,"['solo', 'quiero', 'alar', 'inflaci', 'n', 'mensual', 'sigue', 'siendo', 'anual', 'ser', 'catastr', 'ficamente', 'malo', 'cualquier', 'econom', 'moderna', 'solo', 'dar', 'idea', 'peor', 'per', 'odo', 'inflacionario', 'ee', 'uu', 'd', 'cada', 'inflaci', 'n']"
71,Reddit,Milei,es triste c mo los redditors quieren que los gobiernos fallaran simplemente por ser inclinados correctamente si la realidad no encaja con mis puntos de vista prefiera tener una ca da de la realidad y quemar que mis conceptos desafiados estos niveles de negaci n recuerdan a la religi n,negativo,es triste c mo los redditors quieren que los gobiernos fallaran simplemente por ser inclinados correctamente si la realidad no encaja con mis puntos de vista prefiera tener una ca da de la realidad y quemar que mis conceptos desafiados estos niveles de negaci n recuerdan a la religi n,"['triste', 'c', 'mo', 'redditors', 'quieren', 'gobiernos', 'fallaran', 'simplemente', 'ser', 'inclinados', 'correctamente', 'si', 'realidad', 'encaja', 'puntos', 'vista', 'prefiera', 'tener', 'ca', 'da', 'realidad', 'quemar', 'conceptos', 'desafiados', 'niveles', 'negaci', 'n', 'recuerdan', 'religi', 'n']"
72,Reddit,Trump,putin simplemente comprar  algo de trump y de repente trump no tendr  ning n problema con ning n t rmino trump simplemente est  esperando que putin tome una decisi n,neutral,putin simplemente comprar  algo de trump y de repente trump no tendr  ning n problema con ning n t rmino trump simplemente est  esperando que putin tome una decisi n,"['putin', 'simplemente', 'comprar', 'trump', 'repente', 'trump', 'tendr', 'ning', 'n', 'problema', 'ning', 'n', 't', 'rmino', 'trump', 'simplemente', 'est', 'esperando', 'putin', 'tome', 'decisi', 'n']"
73,Reddit,Milei,el crecimiento del pib del a o pasado fue 16 con la inflaci n 211 25 justo en diciembre y las proyecciones fueron peores para ambos s  este es un winin a deber as ver c mo se ve el otro tipo,negativo,el crecimiento del pib del a o pasado fue  con la inflaci n   justo en diciembre y las proyecciones fueron peores para ambos s  este es un winin a deber as ver c mo se ve el otro tipo,"['crecimiento', 'pib', 'pasado', 'inflaci', 'n', 'justo', 'diciembre', 'proyecciones', 'peores', 'ambo', 's', 'winin', 'deber', 'a', 'ver', 'c', 'mo', 've', 'tipo']"
74,Reddit,Trump, podemos enviar esto a todos los grupos republicanos  o colocarlo en un cartel publicitario afuera de la casa blanca,neutral,podemos enviar esto a todos los grupos republicanos  o colocarlo en un cartel publicitario afuera de la casa blanca,"['podemos', 'enviar', 'grupos', 'republicanos', 'colocarlo', 'cartel', 'publicitario', 'afuera', 'casa', 'blanca']"
75,Reddit,Bukele,en mi experiencia a los libertarios no les suelen molestar las pol ticas de mano dura contra el crimen pero normalmente no les gusta la prohibici n de las drogas ni el estado de vigilancia he visto a muchos libertarios elogi ndolo,neutral,en mi experiencia a los libertarios no les suelen molestar las pol ticas de mano dura contra el crimen pero normalmente no les gusta la prohibici n de las drogas ni el estado de vigilancia he visto a muchos libertarios elogi ndolo,"['experiencia', 'libertarios', 'suelen', 'molestar', 'pol', 'ticas', 'mano', 'dura', 'crimen', 'normalmente', 'gusta', 'prohibici', 'n', 'drogas', 'vigilancia', 'visto', 'libertarios', 'elogi', 'ndolo']"
76,Reddit,Milei,o los medios occidentales presentan el despido de funcionarios p blicos como algo malo  oh no  no pensar  nadie en los compinches kirchneristas con prebendas y sobrepagados,negativo,o los medios occidentales presentan el despido de funcionarios p blicos como algo malo  oh no  no pensar  nadie en los compinches kirchneristas con prebendas y sobrepagados,"['medios', 'occidentales', 'presentan', 'despido', 'funcionarios', 'p', 'blicos', 'malo', 'oh', 'pensar', 'nadie', 'compinches', 'kirchneristas', 'prebendas', 'sobrepagados']"
77,Reddit,Trump,no me di cuenta de que era tan grande como para verlo mencionado al azar en reddit,positivo,no me di cuenta de que era tan grande como para verlo mencionado al azar en reddit,"['di', 'cuenta', 'tan', 'grande', 'verlo', 'mencionado', 'azar', 'reddit']"
78,Reddit,Bukele,personalmente no creo que las opiniones de estos pueblos valgan una maldici n dado que no viven en el pa s y no experimentan ninguno de los aspectos negativos o positivos del sistema que no es diferente en australia pensando que mi opini n sobre el l der de el salvador es importante,positivo,personalmente no creo que las opiniones de estos pueblos valgan una maldici n dado que no viven en el pa s y no experimentan ninguno de los aspectos negativos o positivos del sistema que no es diferente en australia pensando que mi opini n sobre el l der de el salvador es importante,"['personalmente', 'creo', 'opiniones', 'pueblo', 'valgan', 'maldici', 'n', 'dado', 'viven', 'pa', 's', 'experimentan', 'ninguno', 'aspectos', 'negativos', 'positivos', 'sistema', 'diferente', 'australia', 'pensando', 'opini', 'n', 'l', 'der', 'salvador', 'importante']"
79,Reddit,Milei,para su visi n del mundo del libre mercado y de milei malo es m s importante que prefieran ver que sus reformas fracasen y que millones de argentinos sufran antes que  l triunfe los partidarios del tanque se vuelven locos cuando el socialismo fracasa repetidamente y el crecimiento del peque o sector p blico y de las empresas privadas funciona,negativo,para su visi n del mundo del libre mercado y de milei malo es m s importante que prefieran ver que sus reformas fracasen y que millones de argentinos sufran antes que  l triunfe los partidarios del tanque se vuelven locos cuando el socialismo fracasa repetidamente y el crecimiento del peque o sector p blico y de las empresas privadas funciona,"['visi', 'n', 'mundo', 'libre', 'mercado', 'milei', 'malo', 'm', 's', 'importante', 'prefieran', 'ver', 'reformas', 'fracasen', 'millones', 'argentinos', 'sufran', 'l', 'triunfe', 'partidarios', 'tanque', 'vuelven', 'locos', 'socialismo', 'fracasa', 'repetidamente', 'crecimiento', 'peque', 'sector', 'p', 'blico', 'empresas', 'privadas', 'funciona']"
80,Reddit,Milei, dennos las islas malvinas no  por favor no  por favooooor no bueno ya lo hemos intentado todo muchachos  la diplomacia no funciona,positivo,dennos las islas malvinas no  por favor no  por favooooor no bueno ya lo hemos intentado todo muchachos  la diplomacia no funciona,"['dennos', 'islas', 'malvinas', 'favor', 'favooooor', 'bueno', 'intentado', 'muchachos', 'diplomacia', 'funciona']"
81,Reddit,Milei, lo es si su pa s no pod a permitirse pagar esos mil millones para el desempleo  qu  estaba logrando con el pago si estaba llevando a su pa s a un pozo de endeudamiento sin fin entonces es como tratar de evitar que las aguas de la inundaci n inunden su casa arrojando baldes de agua por la puerta principal de todos modos se ahogar  en una casa llena de agua,positivo,lo es si su pa s no pod a permitirse pagar esos mil millones para el desempleo  qu  estaba logrando con el pago si estaba llevando a su pa s a un pozo de endeudamiento sin fin entonces es como tratar de evitar que las aguas de la inundaci n inunden su casa arrojando baldes de agua por la puerta principal de todos modos se ahogar  en una casa llena de agua,"['si', 'pa', 's', 'pod', 'permitirse', 'pagar', 'mil', 'millones', 'desempleo', 'qu', 'logrando', 'pago', 'si', 'llevando', 'pa', 's', 'pozo', 'endeudamiento', 'fin', 'entonces', 'tratar', 'evitar', 'agua', 'inundaci', 'n', 'inunden', 'casa', 'arrojando', 'baldes', 'agua', 'puerta', 'principal', 'modos', 'ahogar', 'casa', 'llena', 'agua']"
82,Reddit,Bukele,pens  que los asesinatos hab an disminuido en un 50 no digo que sea bueno o malo pero pido una aclaraci n  los asesinatos han disminuido en un 50 o en un 100,positivo,pens  que los asesinatos hab an disminuido en un  no digo que sea bueno o malo pero pido una aclaraci n  los asesinatos han disminuido en un  o en un,"['pen', 'asesinatos', 'hab', 'an', 'disminuido', 'digo', 'bueno', 'malo', 'pido', 'aclaraci', 'n', 'asesinatos', 'disminuido']"
83,Reddit,Bukele,en el pasado los bancos me ofrecieron 150 para abrir una nueva cuenta de ahorros no estoy seguro de si eso cuenta,neutral,en el pasado los bancos me ofrecieron  para abrir una nueva cuenta de ahorros no estoy seguro de si eso cuenta,"['pasado', 'bancos', 'ofrecieron', 'abrir', 'nueva', 'cuenta', 'ahorros', 'seguro', 'si', 'cuenta']"
84,Reddit,Trump,siempre se trat  de lastimar a sus enemigos incluso si ellos tambi n sal an lastimados,neutral,siempre se trat  de lastimar a sus enemigos incluso si ellos tambi n sal an lastimados,"['siempre', 'trat', 'lastimar', 'enemigos', 'incluso', 'si', 'tambi', 'n', 'sal', 'an', 'lastimados']"
85,Reddit,Bukele,si tan solo tuviera un pensamiento,neutral,si tan solo tuviera un pensamiento,"['si', 'tan', 'solo', 'pensamiento']"
86,Reddit,Trump,recordatorio de que trump invit  a los clinton a su boda recordatorio de que ginsburg consideraba a scalia una querida amiga a pesar de que  l quer a deshacer lo que ella intentaba hacer por las mujeres estas personas son compa eros de club de campo y de golf para ellos la pol tica es un juego amistoso en el que nosotros somos las piezas es un gran club y no estamos en  l,positivo,recordatorio de que trump invit  a los clinton a su boda recordatorio de que ginsburg consideraba a scalia una querida amiga a pesar de que  l quer a deshacer lo que ella intentaba hacer por las mujeres estas personas son compa eros de club de campo y de golf para ellos la pol tica es un juego amistoso en el que nosotros somos las piezas es un gran club y no estamos en  l,"['recordatorio', 'trump', 'invit', 'clinton', 'boda', 'recordatorio', 'ginsburg', 'consideraba', 'scalia', 'querida', 'amiga', 'pesar', 'l', 'quer', 'deshacer', 'intentaba', 'hacer', 'mujeres', 'persona', 'compa', 'eros', 'club', 'campo', 'golf', 'pol', 'tica', 'juego', 'amistoso', 'piezas', 'gran', 'club', 'l']"
87,Reddit,Trump, no habr a huido si no te hubieras burlado de m  en aquella cena ,neutral,no habr a huido si no te hubieras burlado de m  en aquella cena,"['habr', 'huido', 'si', 'burlado', 'm', 'aquella', 'cena']"
88,Reddit,Bukele,como alguien completamente no familiarizado con la situaci n o las personas involucradas  cu l es la fuente de la aprobaci n 90,neutral,como alguien completamente no familiarizado con la situaci n o las personas involucradas  cu l es la fuente de la aprobaci n,"['alguien', 'completamente', 'familiarizado', 'situaci', 'n', 'persona', 'involucradas', 'cu', 'l', 'fuente', 'aprobaci', 'n']"
89,Reddit,Trump, es un club grande y t  no est s en  l ,positivo,es un club grande y t  no est s en  l,"['club', 'grande', 't', 'est', 's', 'l']"
90,Reddit,Milei,ser argentino me hizo tener un profundo odio hacia la burocracia,negativo,ser argentino me hizo tener un profundo odio hacia la burocracia,"['ser', 'argentino', 'hizo', 'tener', 'profundo', 'odio', 'hacia', 'burocracia']"
91,YouTube,trump,Que bien esa reyna se cree una diosa bien echo Donal trump..,neutral,que bien esa reyna se cree una diosa bien echo donal trump,"['bien', 'reyna', 'cree', 'diosa', 'bien', 'echo', 'donal', 'trump']"
92,YouTube,trump,Yo hiciera lo mismo que reina ni que reina para mi no hay reinado SLO EL REINO DE DIOS REY DE REYES y solo me inclino ante Dios y antes mis padres por portarme mal jjjj,neutral,yo hiciera lo mismo que reina ni que reina para mi no hay reinado slo el reino de dios rey de reyes y solo me inclino ante dios y antes mis padres por portarme mal jjjj,"['hiciera', 'mismo', 'reina', 'reina', 'reinado', 'slo', 'reino', 'dios', 'rey', 'reyes', 'solo', 'inclino', 'dios', 'padre', 'portarme', 'mal', 'jjjj']"
93,YouTube,trump,No al femicidio.,neutral,no al femicidio,['femicidio']
94,YouTube,trump,"Siempre tratando de denigrar al mejor Pdte que ha tenido nuestro pas.  El destrozo que hacen los malditos democratas en el gob no lo trasmiten estas televisiones vendidas al globalismo. Que HP sois todos ustedes, periodistas adoptrinando a la siciedad.",positivo,siempre tratando de denigrar al mejor pdte que ha tenido nuestro pas  el destrozo que hacen los malditos democratas en el gob no lo trasmiten estas televisiones vendidas al globalismo que hp sois todos ustedes periodistas adoptrinando a la siciedad,"['siempre', 'tratando', 'denigrar', 'mejor', 'pdte', 'pa', 'destrozo', 'hacen', 'malditos', 'democratas', 'gob', 'trasmiten', 'televisiones', 'vendidas', 'globalismo', 'hp', 'ustedes', 'periodistas', 'adoptrinando', 'siciedad']"
95,YouTube,trump,"Bravo Trump, demostrando quien manda.",positivo,bravo trump demostrando quien manda,"['bravo', 'trump', 'demostrando', 'manda']"
96,YouTube,trump,Jajajaja eso lo hace mas grande viva el titan y fuera los palangrista,positivo,jajajaja eso lo hace mas grande viva el titan y fuera los palangrista,"['jajajaja', 'hace', 'ma', 'grande', 'viva', 'titan', 'palangrista']"
97,YouTube,trump,Que manera de hablar mierda.,negativo,que manera de hablar mierda,"['manera', 'hablar', 'mierda']"
98,YouTube,trump,Ese senor es un millonario y cree que no es necesario ser educado y cortes con el projimo.,negativo,ese senor es un millonario y cree que no es necesario ser educado y cortes con el projimo,"['senor', 'millonario', 'cree', 'necesario', 'ser', 'educado', 'cortes', 'projimo']"
99,YouTube,trump,"Trump es una caca Pero esa vieja que hasta se sabe bien que mato a la perfecta Lady Di, no se merece ni un saludo...",negativo,trump es una caca pero esa vieja que hasta se sabe bien que mato a la perfecta lady di no se merece ni un saludo,"['trump', 'caca', 'vieja', 'sabe', 'bien', 'mato', 'perfecta', 'lady', 'di', 'merece', 'saludo']"
100,YouTube,trump,Menos mal que no es mas presidentes,negativo,menos mal que no es mas presidentes,"['menos', 'mal', 'ma', 'presidentes']"
101,YouTube,bukele,Esto no es politica es liderasgo puro y poesia,neutral,esto no es politica es liderasgo puro y poesia,"['politica', 'liderasgo', 'puro', 'poesia']"
102,YouTube,bukele,Es una persona pensantes,neutral,es una persona pensantes,"['persona', 'pensantes']"
103,YouTube,bukele,Saludos desde tlajomulco jalisco,neutral,saludos desde tlajomulco jalisco,"['saludos', 'tlajomulco', 'jalisco']"
104,YouTube,bukele,Bukele. Gracias,positivo,bukele gracias,"['bukele', 'gracias']"
105,YouTube,bukele,Admirable presidente Bukele Dios te bendiga Quiero para mi paIs un presidente como Ud,positivo,admirable presidente bukele dios te bendiga quiero para mi pais un presidente como ud,"['admirable', 'presidente', 'bukele', 'dios', 'bendiga', 'quiero', 'pais', 'presidente', 'ud']"
106,YouTube,bukele,Gran ser Bukele. Te ganas el respeto y admiracion del mundo. Dios te bendiga y proteja.,positivo,gran ser bukele te ganas el respeto y admiracion del mundo dios te bendiga y proteja,"['gran', 'ser', 'bukele', 'ganas', 'respeto', 'admiracion', 'mundo', 'dios', 'bendiga', 'proteja']"
107,YouTube,bukele,Es un orgullo tenerte senor presidente Dios le bendiga grandemente amen,positivo,es un orgullo tenerte senor presidente dios le bendiga grandemente amen,"['orgullo', 'tenerte', 'senor', 'presidente', 'dios', 'bendiga', 'grandemente', 'amen']"
108,YouTube,bukele,Mentirozo,negativo,mentirozo,['mentirozo']
109,YouTube,bukele,Lo que no le da verguenza mentir fijense la sonrisa de mentiroso que tiene que ya nos quiere envenenar a todo El Salvador,negativo,lo que no le da verguenza mentir fijense la sonrisa de mentiroso que tiene que ya nos quiere envenenar a todo el salvador,"['da', 'verguenza', 'mentir', 'fijense', 'sonrisa', 'mentiroso', 'quiere', 'envenenar', 'salvador']"
110,YouTube,bukele,"soy del salvador,pero a mi ese dictador de nasif tongolele no me representa",negativo,soy del salvadorpero a mi ese dictador de nasif tongolele no me representa,"['salvadorpero', 'dictador', 'nasif', 'tongolele', 'representa']"
111,YouTube,milei,Increible escuchar esto en el 2025,neutral,increible escuchar esto en el,"['increible', 'escuchar']"
112,YouTube,milei,Pregunta y responde,neutral,pregunta y responde,"['pregunta', 'responde']"
113,YouTube,milei,Haz intentado otras estrategias?,neutral,haz intentado otras estrategias,"['haz', 'intentado', 'estrategias']"
114,YouTube,milei,Hay que estudiar para hablar con Milei,neutral,hay que estudiar para hablar con milei,"['estudiar', 'hablar', 'milei']"
115,YouTube,milei,"Grande Milei , me encanta  ",positivo,grande milei  me encanta,"['grande', 'milei', 'encanta']"
116,YouTube,milei,Vamos Milei te apoyo  esta zurda inutil no sabe de economia,positivo,vamos milei te apoyo  esta zurda inutil no sabe de economia,"['vamos', 'milei', 'apoyo', 'zurda', 'inutil', 'sabe', 'economia']"
117,YouTube,milei,Dios le siga dando sabidura Milei,positivo,dios le siga dando sabidura milei,"['dios', 'siga', 'dando', 'sabidura', 'milei']"
118,YouTube,milei,Puro chamuyo Milei esta matando de ambre a los pobre y los viejo que se cdlle la voca,negativo,puro chamuyo milei esta matando de ambre a los pobre y los viejo que se cdlle la voca,"['puro', 'chamuyo', 'milei', 'matando', 'ambre', 'pobre', 'viejo', 'cdlle', 'voca']"
119,YouTube,milei,TODO LO ARREGLA MILEI CON PALABRERA Y NOMBRES DE AUTORES,negativo,todo lo arregla milei con palabrera y nombres de autores,"['arregla', 'milei', 'palabrera', 'nombres', 'autores']"
120,YouTube,milei,"Pero es verdad, Milei es un dictador, intolerante, violento y que tienen actualmente a ms de un millon de nios sin comer todas las noches, es inhumano, y lo nico que busca es quedar bien con los empresarios a los de siempre y va a saquear a la Argentina.",negativo,pero es verdad milei es un dictador intolerante violento y que tienen actualmente a ms de un millon de nios sin comer todas las noches es inhumano y lo nico que busca es quedar bien con los empresarios a los de siempre y va a saquear a la argentina,"['verdad', 'milei', 'dictador', 'intolerante', 'violento', 'actualmente', 'm', 'millon', 'nios', 'comer', 'toda', 'noches', 'inhumano', 'nico', 'busca', 'quedar', 'bien', 'empresarios', 'siempre', 'va', 'saquear', 'argentina']"
121,Twitter,Trump,Es muy difcil saber cul va a ser la poltica de Trump con respecto a Israel. Las relaciones de Trump con Netanyahu son tensas.,neutral,es muy difcil saber cul va a ser la poltica de trump con respecto a israel las relaciones de trump con netanyahu son tensas,"['difcil', 'saber', 'cul', 'va', 'ser', 'poltica', 'trump', 'respecto', 'israel', 'relaciones', 'trump', 'netanyahu', 'tensas']"
122,Twitter,Trump,"Directa e indirectamente, la eleccin de Trump ya est generando cambios en el hemisferio occidental. Juzgue usted si para bien o para mal, pero as son las vsperas.",neutral,directa e indirectamente la eleccin de trump ya est generando cambios en el hemisferio occidental juzgue usted si para bien o para mal pero as son las vsperas,"['directa', 'indirectamente', 'eleccin', 'trump', 'est', 'generando', 'cambios', 'hemisferio', 'occidental', 'juzgue', 'usted', 'si', 'bien', 'mal', 'a', 'vsperas']"
123,Twitter,Trump,"Las asignaturas pendientes de Trump: hacer un mejor gobierno que el primero, resolver una solucin al caso Maduro y buscar un heredero, podra ser Elon Musk.",neutral,las asignaturas pendientes de trump hacer un mejor gobierno que el primero resolver una solucin al caso maduro y buscar un heredero podra ser elon musk,"['asignaturas', 'pendientes', 'trump', 'hacer', 'mejor', 'gobierno', 'primero', 'resolver', 'solucin', 'caso', 'maduro', 'buscar', 'heredero', 'podra', 'ser', 'elon', 'musk']"
124,Twitter,Trump,El gobierno de Trump fue mejor que el de Obama y Biden.,positivo,el gobierno de trump fue mejor que el de obama y biden,"['gobierno', 'trump', 'mejor', 'obama', 'biden']"
125,Twitter,Trump,"Si fue asesor de Trump, debe ser un muy buen asesor poltico.",positivo,si fue asesor de trump debe ser un muy buen asesor poltico,"['si', 'asesor', 'trump', 'debe', 'ser', 'buen', 'asesor', 'poltico']"
126,Twitter,Trump,Viva la Amrica y el presidente Trump. Dios los bendiga en su gobierno.,positivo,viva la amrica y el presidente trump dios los bendiga en su gobierno,"['viva', 'amrica', 'presidente', 'trump', 'dios', 'bendiga', 'gobierno']"
127,Twitter,Trump,Nadie se est dando cuenta que Trump es el Hitler de los tiempos modernos. Acta igual que el dictador nazi. El populismo es el peor mal de la poltica,negativo,nadie se est dando cuenta que trump es el hitler de los tiempos modernos acta igual que el dictador nazi el populismo es el peor mal de la poltica,"['nadie', 'est', 'dando', 'cuenta', 'trump', 'hitler', 'tiempos', 'modernos', 'acta', 'igual', 'dictador', 'nazi', 'populismo', 'peor', 'mal', 'poltica']"
128,Twitter,Trump,El plan de Donald Trump de expandir el 'Imperio Americano' no solo incluye la conquista definitiva de mercados sino tambin la compra de pases estratgicos desaprovechados y destruidos econmicamente por el socialismo.,negativo,el plan de donald trump de expandir el imperio americano no solo incluye la conquista definitiva de mercados sino tambin la compra de pases estratgicos desaprovechados y destruidos econmicamente por el socialismo,"['plan', 'donald', 'trump', 'expandir', 'imperio', 'americano', 'solo', 'incluye', 'conquista', 'definitiva', 'mercados', 'sino', 'tambin', 'compra', 'pas', 'estratgicos', 'desaprovechados', 'destruidos', 'econmicamente', 'socialismo']"
129,Twitter,Trump,Trump es un mentiroso compulsivo. Pero no ayuda mucho que el gobierno no aclare cosas tan bsicas como eso a la poblacin y al mundo entero.,negativo,trump es un mentiroso compulsivo pero no ayuda mucho que el gobierno no aclare cosas tan bsicas como eso a la poblacin y al mundo entero,"['trump', 'mentiroso', 'compulsivo', 'ayuda', 'gobierno', 'aclare', 'cosas', 'tan', 'bsicas', 'poblacin', 'mundo', 'entero']"
130,Twitter,Trump,"Donald Trump, primer presidente delincuente sin condenar o condenado sin pagar condenada , que circo tan hp , la politica de la potencia basada en mentiras...",negativo,donald trump primer presidente delincuente sin condenar o condenado sin pagar condenada  que circo tan hp  la politica de la potencia basada en mentiras,"['donald', 'trump', 'primer', 'presidente', 'delincuente', 'condenar', 'condenado', 'pagar', 'condenada', 'circo', 'tan', 'hp', 'politica', 'potencia', 'basada', 'mentiras']"
131,Twitter,Bukele,El gran xito en imagen de Nayib Bukele se debe a su conocimiento profesional de publicidad y marketing.,neutral,el gran xito en imagen de nayib bukele se debe a su conocimiento profesional de publicidad y marketing,"['gran', 'xito', 'imagen', 'nayib', 'bukele', 'debe', 'conocimiento', 'profesional', 'publicidad', 'marketing']"
132,Twitter,Bukele,Entonces al final Bukele si es o no un dictador? Jams entend esa vaina con l y la propaganda que dice que Bukele es dictador,neutral,entonces al final bukele si es o no un dictador jams entend esa vaina con l y la propaganda que dice que bukele es dictador,"['entonces', 'final', 'bukele', 'si', 'dictador', 'jam', 'entend', 'vaina', 'l', 'propaganda', 'dice', 'bukele', 'dictador']"
133,Twitter,Bukele,"Bukele realmente no s qu llamarlo aparte de populista y autoritario, tiene de derecha e izquierda a su favor",neutral,bukele realmente no s qu llamarlo aparte de populista y autoritario tiene de derecha e izquierda a su favor,"['bukele', 'realmente', 's', 'qu', 'llamarlo', 'aparte', 'populista', 'autoritario', 'derecha', 'izquierda', 'favor']"
134,Twitter,Bukele,"A mi Bukele me vale cinco hectareas, es un populista y le gusta hacer polmica. Pero me encanta que est exterminando a los hptas maras que ya estaban incluso comenzando a llegar a otros pases. Los maras no son mi problema, si Bukele encontr como resolver el problema, genial.",positivo,a mi bukele me vale cinco hectareas es un populista y le gusta hacer polmica pero me encanta que est exterminando a los hptas maras que ya estaban incluso comenzando a llegar a otros pases los maras no son mi problema si bukele encontr como resolver el problema genial,"['bukele', 'vale', 'cinco', 'hectareas', 'populista', 'gusta', 'hacer', 'polmica', 'encanta', 'est', 'exterminando', 'hptas', 'mara', 'incluso', 'comenzando', 'llegar', 'pas', 'mara', 'problema', 'si', 'bukele', 'encontr', 'resolver', 'problema', 'genial']"
135,Twitter,Bukele,Si alguien ha entendido el tema del marketing son los asesores de Bukele. Gran parte de ese equipo es venezolano. Por alguna razn pas el Sr. Nayib a ser tan popular.,positivo,si alguien ha entendido el tema del marketing son los asesores de bukele gran parte de ese equipo es venezolano por alguna razn pas el sr nayib a ser tan popular,"['si', 'alguien', 'entendido', 'tema', 'marketing', 'asesores', 'bukele', 'gran', 'parte', 'equipo', 'venezolano', 'alguna', 'razn', 'pa', 'sr', 'nayib', 'ser', 'tan', 'popular']"
136,Twitter,Bukele,se video que sac Bukele sobre las obras realizadas es la prueba de que es importante el marketing y la comunicacin para darle visibilidad a lo que haces,positivo,se video que sac bukele sobre las obras realizadas es la prueba de que es importante el marketing y la comunicacin para darle visibilidad a lo que haces,"['video', 'sac', 'bukele', 'obras', 'realizadas', 'prueba', 'importante', 'marketing', 'comunicacin', 'darle', 'visibilidad', 'haces']"
137,Twitter,Bukele,"La realidad es esta: si Nayib Bukele -de verdad- fuera un defensor de la democracia, tendra que haber dejado la presidencia el 1 de junio del 2024, as lo manda la Constitucin de El Salvador.  Lo dems es cuento y propaganda.",negativo,la realidad es esta si nayib bukele de verdad fuera un defensor de la democracia tendra que haber dejado la presidencia el  de junio del  as lo manda la constitucin de el salvador  lo dems es cuento y propaganda,"['realidad', 'si', 'nayib', 'bukele', 'verdad', 'defensor', 'democracia', 'tendra', 'haber', 'dejado', 'presidencia', 'junio', 'a', 'manda', 'constitucin', 'salvador', 'dems', 'cuento', 'propaganda']"
138,Twitter,Bukele,"La realidad es esta: si Nayib Bukele de verdad fuera un defensor de la democracia, tendra que haber dejado la presidencia el 1 de junio del 2024, as lo manda la Constitucin de El Salvador. Lo dems es cuento y propaganda.",negativo,la realidad es esta si nayib bukele de verdad fuera un defensor de la democracia tendra que haber dejado la presidencia el  de junio del  as lo manda la constitucin de el salvador lo dems es cuento y propaganda,"['realidad', 'si', 'nayib', 'bukele', 'verdad', 'defensor', 'democracia', 'tendra', 'haber', 'dejado', 'presidencia', 'junio', 'a', 'manda', 'constitucin', 'salvador', 'dems', 'cuento', 'propaganda']"
139,Twitter,Bukele,"Creo que es legal y se ha hecho hace mucho. Tienen beneficios por eso, solo que el aleluyo ese lo esta usando como propaganda para venderse como Bukele.",negativo,creo que es legal y se ha hecho hace mucho tienen beneficios por eso solo que el aleluyo ese lo esta usando como propaganda para venderse como bukele,"['creo', 'legal', 'hecho', 'hace', 'beneficios', 'solo', 'aleluyo', 'usando', 'propaganda', 'venderse', 'bukele']"
140,Twitter,Bukele,Bukele es un populista personalista que ha violado los DDHH y copia la constitucion para reelegirse cuando no podra. Ademas del brutal y opaco aumento de patrimonio en el periodo   Bukele es Bukele,negativo,bukele es un populista personalista que ha violado los ddhh y copia la constitucion para reelegirse cuando no podra ademas del brutal y opaco aumento de patrimonio en el periodo   bukele es bukele,"['bukele', 'populista', 'personalista', 'violado', 'ddhh', 'copia', 'constitucion', 'reelegirse', 'podra', 'ademas', 'brutal', 'opaco', 'aumento', 'patrimonio', 'periodo', 'bukele', 'bukele']"
141,Twitter,Milei,"La mejor economia, no te cuesta nada buscarlo, Milei con lo bueno que es, seria un polluelo al lado de Julio Velarde",positivo,la mejor economia no te cuesta nada buscarlo milei con lo bueno que es seria un polluelo al lado de julio velarde,"['mejor', 'economia', 'cuesta', 'buscarlo', 'milei', 'bueno', 'seria', 'polluelo', 'lado', 'julio', 'velarde']"
142,Twitter,Milei,"Es increble cmo Milei est transformando Argentina. Reduciendo el gasto pblico y la economa argentina para arriba, como hace muchos aos no se vea.",positivo,es increble cmo milei est transformando argentina reduciendo el gasto pblico y la economa argentina para arriba como hace muchos aos no se vea,"['increble', 'cmo', 'milei', 'est', 'transformando', 'argentina', 'reduciendo', 'gasto', 'pblico', 'economa', 'argentina', 'arriba', 'hace', 'aos', 'vea']"
143,Twitter,Milei,"Milei logr recuperar la economa en 1 ao, despus de una de las crisis ms grandes de la historia argentina.",positivo,milei logr recuperar la economa en  ao despus de una de las crisis ms grandes de la historia argentina,"['milei', 'logr', 'recuperar', 'economa', 'ao', 'despus', 'crisis', 'm', 'grandes', 'historia', 'argentina']"
144,Twitter,Milei,"Avisale a tu amigo Milei que es el que prometia bajar los impuestos y no solo que volvia a ponerlos, sino que tambien prorroga.",negativo,avisale a tu amigo milei que es el que prometia bajar los impuestos y no solo que volvia a ponerlos sino que tambien prorroga,"['avisale', 'amigo', 'milei', 'prometia', 'bajar', 'impuestos', 'solo', 'volvia', 'ponerlos', 'sino', 'tambien', 'prorroga']"
145,Twitter,Milei,"Milei nunca entendi nada de lo que ley. Para l, la economa y las finanzas son estrictamente un fenmeno monetario.",negativo,milei nunca entendi nada de lo que ley para l la economa y las finanzas son estrictamente un fenmeno monetario,"['milei', 'nunca', 'entendi', 'ley', 'l', 'economa', 'finanzas', 'estrictamente', 'fenmeno', 'monetario']"
146,Twitter,Milei,Compars la economa de EE. UU. con la llevada adelante por Milei? Hace tiempo vengo dudando de que seas licenciado en Historia,neutral,compars la economa de ee uu con la llevada adelante por milei hace tiempo vengo dudando de que seas licenciado en historia,"['compars', 'economa', 'ee', 'uu', 'llevada', 'adelante', 'milei', 'hace', 'tiempo', 'vengo', 'dudando', 'licenciado', 'historia']"
147,Twitter,Milei,En Argentina la ropa en general era carsima porque los impuestos de importacion eran altsimos hasta q lleg Milei. Y como la ropa de importacin era cara pues el producto local inflaba los precios porque ni modo que no compren y adems ofreciendo producto de menor calidad.,neutral,en argentina la ropa en general era carsima porque los impuestos de importacion eran altsimos hasta q lleg milei y como la ropa de importacin era cara pues el producto local inflaba los precios porque ni modo que no compren y adems ofreciendo producto de menor calidad,"['argentina', 'ropa', 'general', 'carsima', 'impuestos', 'importacion', 'altsimos', 'q', 'lleg', 'milei', 'ropa', 'importacin', 'cara', 'pues', 'producto', 'local', 'inflaba', 'precios', 'modo', 'compren', 'adems', 'ofreciendo', 'producto', 'menor', 'calidad']"
148,Twitter,Milei,"El gobierno de Javier Milei cerr su primer ao con estabilidad econmica y baja conflictividad social. Aunque algunos anuncios fiscales se cumplieron, el ajuste del gasto recay principalmente sobre jubilados y trabajadores estatales.",neutral,el gobierno de javier milei cerr su primer ao con estabilidad econmica y baja conflictividad social aunque algunos anuncios fiscales se cumplieron el ajuste del gasto recay principalmente sobre jubilados y trabajadores estatales,"['gobierno', 'javier', 'milei', 'cerr', 'primer', 'ao', 'estabilidad', 'econmica', 'baja', 'conflictividad', 'social', 'aunque', 'anuncios', 'fiscales', 'cumplieron', 'ajuste', 'gasto', 'recay', 'principalmente', 'jubilados', 'trabajadores', 'estatales']"
149,Twitter,Milei,"Milei a logrado salvar a argentina y sacarla a flote despidiendo a parsitos de la izquierda, disminuyendo impuestos,quitando ministerio woke,etc eso debe hacerse en todo LATAM",positivo,milei a logrado salvar a argentina y sacarla a flote despidiendo a parsitos de la izquierda disminuyendo impuestosquitando ministerio wokeetc eso debe hacerse en todo latam,"['milei', 'logrado', 'salvar', 'argentina', 'sacarla', 'flote', 'despidiendo', 'parsitos', 'izquierda', 'disminuyendo', 'impuestosquitando', 'ministerio', 'wokeetc', 'debe', 'hacerse', 'latam']"
